what,kind,bundleId,bundleVersion,description,time
started,bundle,org.eclipse.ui.editors,3.6.1.r361_v20100825-0800,"org.eclipse.ui.editors",1519594116862
started,bundle,org.eclipse.ui.forms,3.5.2.r36_v20100702,"org.eclipse.ui.forms",1519594116868
started,bundle,org.eclipse.ui.ide,3.6.2.M20101201-0800,"org.eclipse.ui.ide",1519594116868
started,bundle,org.eclipse.ui.navigator,3.5.0.I20100601-0800,"org.eclipse.ui.navigator",1519594116868
started,bundle,org.eclipse.ui.navigator.resources,3.4.202.M20101124-0800,"org.eclipse.ui.navigator.resources",1519594116868
started,bundle,org.eclipse.ui.net,1.2.100.I20100505-1245,"org.eclipse.ui.net",1519594116868
started,bundle,org.eclipse.ui.views,3.5.1.M20110202-0800,"org.eclipse.ui.views",1519594116868
started,bundle,org.eclipse.ui.workbench,3.6.2.M20110210-1200,"org.eclipse.ui.workbench",1519594116868
started,bundle,org.eclipse.ui.workbench.texteditor,3.6.1.r361_v20100714-0800,"org.eclipse.ui.workbench.texteditor",1519594116868
started,bundle,org.eclipse.update.configurator,3.3.100.v20100512,"org.eclipse.update.configurator",1519594116869
started,bundle,org.eclipse.update.core,3.2.402.R36x_v20100629,"org.eclipse.update.core",1519594116869
started,bundle,org.eclipse.update.scheduler,3.2.300.v20100512,"org.eclipse.update.scheduler",1519594116869
started,bundle,org.eclipse.wst.common.core,1.2.0.v200908252030,"org.eclipse.wst.common.core",1519594116869
started,bundle,org.eclipse.wst.common.emf,1.2.3.v201012100400,"org.eclipse.wst.common.emf",1519594116869
started,bundle,org.eclipse.wst.common.frameworks.ui,1.2.0.v201004080500,"org.eclipse.wst.common.frameworks.ui",1519594116869
started,bundle,org.eclipse.wst.common.project.facet.core,1.4.102.v201008170019,"org.eclipse.wst.common.project.facet.core",1519594116869
started,bundle,org.eclipse.wst.common.ui,1.1.500.v200911190730,"org.eclipse.wst.common.ui",1519594116870
started,bundle,org.eclipse.wst.jsdt.manipulation,1.0.200.v201004150600,"org.eclipse.wst.jsdt.manipulation",1519594116870
started,bundle,org.eclipse.jem,2.0.402.v201106132000,"org.eclipse.jem",1519594116870
started,bundle,org.eclipse.jem.workbench,2.0.301.v201104271300,"org.eclipse.jem.workbench",1519594116870
started,bundle,org.eclipse.jst.common.frameworks,1.1.404.v201103311600,"org.eclipse.jst.common.frameworks",1519594116870
started,bundle,org.eclipse.jst.j2ee,1.1.406.v201110130300,"org.eclipse.jst.j2ee",1519594116870
started,bundle,org.eclipse.jst.j2ee.core,1.2.7.v201110060300,"org.eclipse.jst.j2ee.core",1519594116870
started,bundle,org.eclipse.jst.j2ee.navigator.ui,1.1.404.v201106290200,"org.eclipse.jst.j2ee.navigator.ui",1519594116870
started,bundle,org.eclipse.jst.j2ee.ui,1.1.406.v201110060300,"org.eclipse.jst.j2ee.ui",1519594116870
started,bundle,org.eclipse.jst.j2ee.web,1.1.405.v201110130300,"org.eclipse.jst.j2ee.web",1519594116870
started,bundle,org.eclipse.jst.jee.ui,1.0.305.v201105110300,"org.eclipse.jst.jee.ui",1519594116870
started,bundle,org.eclipse.jst.server.core,1.2.102.v20110309,"org.eclipse.jst.server.core",1519594116870
started,bundle,org.eclipse.jst.ws.jaxrs.core,1.0.202.v201108180247,"org.eclipse.jst.ws.jaxrs.core",1519594116870
started,bundle,org.eclipse.wst.common.emfworkbench.integration,1.2.4.v201106210700,"org.eclipse.wst.common.emfworkbench.integration",1519594116870
started,bundle,org.eclipse.wst.common.frameworks,1.2.1.v201107271600,"org.eclipse.wst.common.frameworks",1519594116870
started,bundle,org.eclipse.wst.common.modulecore,1.2.7.v201110060300,"org.eclipse.wst.common.modulecore",1519594116870
started,bundle,org.eclipse.wst.jsdt.core,1.1.8.v201109150205,"org.eclipse.wst.jsdt.core",1519594116870
started,bundle,org.eclipse.wst.jsdt.ui,1.1.7.v201109150205,"org.eclipse.wst.jsdt.ui",1519594116870
started,bundle,org.eclipse.wst.server.core,1.1.208.v20111005_1734,"org.eclipse.wst.server.core",1519594116871
started,bundle,org.eclipse.wst.server.ui,1.1.209.v20111005_1716,"org.eclipse.wst.server.ui",1519594116871
started,bundle,org.eclipse.wst.validation,1.2.204.v201109220700,"org.eclipse.wst.validation",1519594116871
started,bundle,org.eclipse.wst.web,1.1.403.v201103081400,"org.eclipse.wst.web",1519594116871
started,bundle,org.eclipse.wst.xml.core,1.1.505.v201109271810,"org.eclipse.wst.xml.core",1519594116871
os,sysinfo,,,"macosx",1519594116878
arch,sysinfo,,,"x86_64",1519594116878
ws,sysinfo,,,"cocoa",1519594116878
locale,sysinfo,,,"en_US",1519594116878
processors,sysinfo,,,"4",1519594116878
java.runtime.name,sysinfo,,,"Java(TM) SE Runtime Environment",1519594116878
java.runtime.version,sysinfo,,,"1.6.0_65-b14-468",1519594116878
java.specification.name,sysinfo,,,"Java Platform API Specification",1519594116878
java.specification.vendor,sysinfo,,,"Sun Microsystems Inc.",1519594116878
java.specification.version,sysinfo,,,"1.6",1519594116878
java.vendor,sysinfo,,,"Apple Inc.",1519594116878
java.version,sysinfo,,,"1.6.0_65",1519594116878
java.vm.info,sysinfo,,,"mixed mode",1519594116878
java.vm.name,sysinfo,,,"Java HotSpot(TM) 64-Bit Server VM",1519594116878
java.vm.specification.name,sysinfo,,,"Java Virtual Machine Specification",1519594116878
java.vm.specification.vendor,sysinfo,,,"Sun Microsystems Inc.",1519594116878
java.vm.specification.version,sysinfo,,,"1.0",1519594116878
java.vm.vendor,sysinfo,,,"Apple Inc.",1519594116878
java.vm.version,sysinfo,,,"20.65-b04-468",1519594116878
started,bundle,org.eclipse.jdt.apt.core,3.3.402.R36_v20110120-1000,"org.eclipse.jdt.apt.core",1519594117014
started,bundle,org.eclipse.jdt.apt.pluggable.core,1.0.301.R36_v20100727-0110,"org.eclipse.jdt.apt.pluggable.core",1519594117019
started,bundle,org.eclipse.core.externaltools,1.0.1.v20100831_r361,"org.eclipse.core.externaltools",1519594117208
started,bundle,org.eclipse.wst.dtd.core,1.1.402.v201109061850,"org.eclipse.wst.dtd.core",1519594117233
started,bundle,org.eclipse.wst.sse.ui,1.2.5.v201108191505,"org.eclipse.wst.sse.ui",1519594117239
started,bundle,org.eclipse.wst.html.ui,1.0.505.v201106160200,"org.eclipse.wst.html.ui",1519594117240
started,bundle,org.eclipse.wst.sse.core,1.1.506.v201110201853,"org.eclipse.wst.sse.core",1519594117254
started,bundle,org.eclipse.jst.jsf.common,1.2.2.v201101211220,"org.eclipse.jst.jsf.common",1519594117267
started,bundle,org.eclipse.jst.jsf.core,1.3.5.v201110061050,"org.eclipse.jst.jsf.core",1519594117272
started,bundle,org.eclipse.jst.jsp.core,1.2.308.v201109202150,"org.eclipse.jst.jsp.core",1519594117297
started,bundle,org.eclipse.wst.wsdl.validation,1.1.501.v201004201506,"org.eclipse.wst.wsdl.validation",1519594117336
started,bundle,org.eclipse.wst.xsd.core,1.1.503.v201011121919,"org.eclipse.wst.xsd.core",1519594117340
started,bundle,org.eclipse.wst.xsl.core,1.1.0.v201004290328,"org.eclipse.wst.xsl.core",1519594117346
started,bundle,org.eclipse.wst.wsi.ui,1.0.501.v201004201506,"org.eclipse.wst.wsi.ui",1519594117351
started,bundle,org.eclipse.jst.jee,1.0.303.v201103311600,"org.eclipse.jst.jee",1519594117488
started,bundle,org.eclipse.equinox.p2.ui.sdk,1.0.100.v20100513,"org.eclipse.equinox.p2.ui.sdk",1519594119820
started,bundle,org.eclipse.equinox.p2.ui,2.0.0.v20100518,"org.eclipse.equinox.p2.ui",1519594119822
started,bundle,org.eclipse.ecf.filetransfer,4.0.0.v20100906-1425,"org.eclipse.ecf.filetransfer",1519594120165
deactivated,workbench,org.eclipse.ui.workbench,3.6.2.M20110210-1200,"",1519594120177
started,bundle,org.eclipse.ecf.identity,3.1.0.v20100906-1425,"org.eclipse.ecf.identity",1519594120189
started,bundle,org.eclipse.ecf,3.1.0.v20100906-1425,"org.eclipse.ecf",1519594120212
started,bundle,org.eclipse.ecf.provider.filetransfer.httpclient,4.0.0.v20100906-1425,"org.eclipse.ecf.provider.filetransfer.httpclient",1519594120226
started,bundle,org.eclipse.ecf.provider.filetransfer,3.1.0.v20100906-1425,"org.eclipse.ecf.provider.filetransfer",1519594120229
started,bundle,org.eclipse.equinox.p2.garbagecollector,1.0.100.v20100503,"org.eclipse.equinox.p2.garbagecollector",1519594131546
started,bundle,org.eclipse.equinox.p2.updatesite,1.0.201.R36x_v20100823,"org.eclipse.equinox.p2.updatesite",1519594145830
error,log,,,"Operation details",1519594152828
error,log,,,"Operation details",1519594152833
error,log,,,"Operation details",1519594194454
error,log,,,"Operation details",1519594194458
activated,workbench,org.eclipse.ui.workbench,3.6.2.M20110210-1200,"",1519594247736
executed,command,org.eclipse.equinox.p2.ui.sdk,1.0.100.v20100513,"org.eclipse.equinox.p2.ui.sdk.install",1519594247777
deactivated,workbench,org.eclipse.ui.workbench,3.6.2.M20110210-1200,"",1519594250642
activated,workbench,org.eclipse.ui.workbench,3.6.2.M20110210-1200,"",1519594251791
closed,workbench,org.eclipse.ui.workbench,3.6.2.M20110210-1200,"",1519594251894
started,bundle,org.eclipse.compare.core,3.5.101.R36x_v20100929-0800,"org.eclipse.compare.core",1519594252193
started,bundle,org.eclipse.compare,3.5.101.R36x_v20100929-0800,"org.eclipse.compare",1519594252196
error,log,,,"Unhandled event loop exception",1519594252284
stopped,bundle,org.eclipse.jst.j2ee.xdoclet.runtime,1.1.300.v201004280700,"org.eclipse.jst.j2ee.xdoclet.runtime",1519594252343
stopped,bundle,org.eclipse.jst.j2ee.ejb.annotations.xdoclet,1.2.100.v201003112036,"org.eclipse.jst.j2ee.ejb.annotations.xdoclet",1519594252343
stopped,bundle,org.eclipse.jst.server.generic.jboss,1.6.1.v200904151730,"org.eclipse.jst.server.generic.jboss",1519594252343
stopped,bundle,org.eclipse.jst.server.generic.jonas,1.5.205.v200805140145,"org.eclipse.jst.server.generic.jonas",1519594252344
stopped,bundle,org.eclipse.jst.server.generic.oc4j,1.5.206.v20090812,"org.eclipse.jst.server.generic.oc4j",1519594252344
stopped,bundle,org.eclipse.jst.server.websphere.core,1.0.302.v20080620,"org.eclipse.jst.server.websphere.core",1519594252344
stopped,bundle,org.eclipse.jst.server.generic.ui,1.0.505.v20100428,"org.eclipse.jst.server.generic.ui",1519594252344
stopped,bundle,org.eclipse.jst.server.generic.core,1.0.606.v20100512,"org.eclipse.jst.server.generic.core",1519594252345
stopped,bundle,org.eclipse.mylyn.ide.ant,3.4.0.v20100608-0100-e3x,"org.eclipse.mylyn.ide.ant",1519594252345
stopped,bundle,org.eclipse.datatools.connectivity.oda.template.ui,3.2.1.v201004090942,"org.eclipse.datatools.connectivity.oda.template.ui",1519594252346
stopped,bundle,org.eclipse.pde.api.tools.ui,1.0.201.v20100820_r361,"org.eclipse.pde.api.tools.ui",1519594252346
stopped,bundle,org.eclipse.pde.ds.ui,1.0.100.v20100601,"org.eclipse.pde.ds.ui",1519594252346
stopped,bundle,org.eclipse.pde.runtime,3.4.200.v20100601,"org.eclipse.pde.runtime",1519594252346
stopped,bundle,org.eclipse.pde.ua.ui,1.0.100.v20100504,"org.eclipse.pde.ua.ui",1519594252346
stopped,bundle,org.eclipse.pde.ui.templates,3.4.200.v20100601,"org.eclipse.pde.ui.templates",1519594252346
stopped,bundle,org.eclipse.pde.ui,3.6.1.v20110210_r362,"org.eclipse.pde.ui",1519594252346
stopped,bundle,org.eclipse.ant.ui,3.5.0.v20100427,"org.eclipse.ant.ui",1519594252346
stopped,bundle,org.eclipse.ant.launching,1.0.1.v20101020_r362,"org.eclipse.ant.launching",1519594252346
stopped,bundle,org.eclipse.equinox.p2.ui.sdk,1.0.100.v20100513,"org.eclipse.equinox.p2.ui.sdk",1519594252346
stopped,bundle,org.eclipse.mylyn.java.tasks,3.4.0.v20100608-0100-e3x,"org.eclipse.mylyn.java.tasks",1519594252346
stopped,bundle,org.eclipse.mylyn.java.ui,3.4.0.v20100608-0100-e3x,"org.eclipse.mylyn.java.ui",1519594252346
stopped,bundle,org.eclipse.jst.server.tomcat.ui,1.1.200.v20100418,"org.eclipse.jst.server.tomcat.ui",1519594252346
stopped,bundle,org.eclipse.jst.server.ui,1.1.102.v20110406,"org.eclipse.jst.server.ui",1519594252346
stopped,bundle,org.eclipse.jdt.junit,3.6.1.r361_v20100825-0800,"org.eclipse.jdt.junit",1519594252347
stopped,bundle,org.eclipse.jpt.eclipselink.ui,1.3.0.v201004280001,"org.eclipse.jpt.eclipselink.ui",1519594252347
stopped,bundle,org.eclipse.jpt.eclipselink.core,1.3.2.v201102072310,"org.eclipse.jpt.eclipselink.core",1519594252347
stopped,bundle,org.eclipse.jpt.jaxb.ui,1.0.1.v201006300000,"org.eclipse.jpt.jaxb.ui",1519594252347
stopped,bundle,org.eclipse.jpt.ui,2.3.2.v201008252310,"org.eclipse.jpt.ui",1519594252347
stopped,bundle,org.eclipse.jpt.core,2.3.3.v201102172310,"org.eclipse.jpt.core",1519594252347
stopped,bundle,org.eclipse.jpt.db,1.2.202.v201010192330,"org.eclipse.jpt.db",1519594252351
stopped,bundle,org.eclipse.datatools.enablement.jdt.classpath,1.0.1.v201004070709,"org.eclipse.datatools.enablement.jdt.classpath",1519594252351
stopped,bundle,org.eclipse.jdt.apt.ui,3.3.300.v20100513-0845,"org.eclipse.jdt.apt.ui",1519594252351
stopped,bundle,org.eclipse.datatools.enablement.sybase.asa.schemaobjecteditor.examples,2.5.0.200810071,"org.eclipse.datatools.enablement.sybase.asa.schemaobjecteditor.examples",1519594252351
stopped,bundle,org.eclipse.datatools.sqltools.debugger.core.ui,1.0.0.v201003161000,"org.eclipse.datatools.sqltools.debugger.core.ui",1519594252351
stopped,bundle,org.eclipse.jst.server.preview.adapter,1.1.100.v20100308,"org.eclipse.jst.server.preview.adapter",1519594252351
stopped,bundle,org.eclipse.wst.xsl.jaxp.debug.ui,1.0.100.v201004290328,"org.eclipse.wst.xsl.jaxp.debug.ui",1519594252351
stopped,bundle,org.eclipse.jdt.debug.ui,3.5.2.v20100928a_r362,"org.eclipse.jdt.debug.ui",1519594252351
stopped,bundle,org.eclipse.jst.common.annotations.ui,1.1.300.v201002081900,"org.eclipse.jst.common.annotations.ui",1519594252351
stopped,bundle,org.eclipse.jst.j2ee.ejb.annotations.ui,1.1.200.v201004290730,"org.eclipse.jst.j2ee.ejb.annotations.ui",1519594252351
stopped,bundle,org.eclipse.jst.ejb.ui,1.1.502.v201101121843,"org.eclipse.jst.ejb.ui",1519594252351
stopped,bundle,org.eclipse.jst.ws.axis.creation.ui,1.0.600.v201008171516,"org.eclipse.jst.ws.axis.creation.ui",1519594252351
stopped,bundle,org.eclipse.jst.ws.axis.consumption.ui,1.0.505.v201004211805,"org.eclipse.jst.ws.axis.consumption.ui",1519594252352
stopped,bundle,org.eclipse.jst.ws.axis2.creation.ui,1.0.104.v201004211805,"org.eclipse.jst.ws.axis2.creation.ui",1519594252352
stopped,bundle,org.eclipse.jst.ws.axis2.consumption.ui,1.0.103.v201004211805,"org.eclipse.jst.ws.axis2.consumption.ui",1519594252352
stopped,bundle,org.eclipse.jst.ws.axis2.creation.core,1.0.106.v201004211805,"org.eclipse.jst.ws.axis2.creation.core",1519594252352
stopped,bundle,org.eclipse.jst.ws.axis2.consumption.core,1.0.105.v201004211805,"org.eclipse.jst.ws.axis2.consumption.core",1519594252353
stopped,bundle,org.eclipse.jst.ws.cxf.creation.ui,1.0.1.v201103270854,"org.eclipse.jst.ws.cxf.creation.ui",1519594252353
stopped,bundle,org.eclipse.jst.ws.cxf.consumption.ui,1.0.0.v201003222311,"org.eclipse.jst.ws.cxf.consumption.ui",1519594252353
stopped,bundle,org.eclipse.jst.ws.creation.ui,1.0.511.v201103082026,"org.eclipse.jst.ws.creation.ui",1519594252353
stopped,bundle,org.eclipse.jst.ws.consumption.ui,1.1.304.v201106132145,"org.eclipse.jst.ws.consumption.ui",1519594252353
stopped,bundle,org.eclipse.jst.j2ee.webservice.ui,1.1.400.v201004110600,"org.eclipse.jst.j2ee.webservice.ui",1519594252353
stopped,bundle,org.eclipse.jst.ws.jaxws.dom.integration,1.0.0.v201004171919,"org.eclipse.jst.ws.jaxws.dom.integration",1519594252353
stopped,bundle,org.eclipse.jst.servlet.ui,1.1.406.v201109140400,"org.eclipse.jst.servlet.ui",1519594252354
stopped,bundle,org.eclipse.jst.jee.ui,1.0.305.v201105110300,"org.eclipse.jst.jee.ui",1519594252354
stopped,bundle,org.eclipse.jst.j2ee.navigator.ui,1.1.404.v201106290200,"org.eclipse.jst.j2ee.navigator.ui",1519594252354
stopped,bundle,org.eclipse.jst.j2ee.jca.ui,1.1.400.v201004150700,"org.eclipse.jst.j2ee.jca.ui",1519594252354
stopped,bundle,org.eclipse.jst.j2ee.ui,1.1.406.v201110060300,"org.eclipse.jst.j2ee.ui",1519594252354
stopped,bundle,org.eclipse.jst.jsf.facelet.ui,1.0.0.v20100602,"org.eclipse.jst.jsf.facelet.ui",1519594252354
stopped,bundle,org.eclipse.jst.jsf.ui,1.3.2.v201110061050,"org.eclipse.jst.jsf.ui",1519594252354
stopped,bundle,org.eclipse.jst.ws.jaxrs.ui,1.0.303.v201108222054,"org.eclipse.jst.ws.jaxrs.ui",1519594252354
stopped,bundle,org.eclipse.jst.common.project.facet.ui,1.4.102.v201008182136,"org.eclipse.jst.common.project.facet.ui",1519594252354
stopped,bundle,org.eclipse.jst.j2ee.ejb.annotations.emitter,1.1.200.v200909290826,"org.eclipse.jst.j2ee.ejb.annotations.emitter",1519594252354
stopped,bundle,org.eclipse.jst.jsf.apache.trinidad.tagsupport,1.1.101.v20100906,"org.eclipse.jst.jsf.apache.trinidad.tagsupport",1519594252354
stopped,bundle,org.eclipse.jst.jsf.facesconfig.ui,1.2.1.v201101112207,"org.eclipse.jst.jsf.facesconfig.ui",1519594252354
stopped,bundle,org.eclipse.jst.pagedesigner.jsf.ui,1.2.0.v20100414,"org.eclipse.jst.pagedesigner.jsf.ui",1519594252354
stopped,bundle,org.eclipse.jst.pagedesigner,1.3.2.v201101211220,"org.eclipse.jst.pagedesigner",1519594252354
stopped,bundle,org.eclipse.jst.jsf.common.ui,1.2.0.v20100329,"org.eclipse.jst.jsf.common.ui",1519594252355
stopped,bundle,org.eclipse.jst.jsf.facelet.core,1.0.2.v201101042130,"org.eclipse.jst.jsf.facelet.core",1519594252355
stopped,bundle,org.eclipse.jst.jsf.standard.tagsupport,1.2.2.v20101027,"org.eclipse.jst.jsf.standard.tagsupport",1519594252355
stopped,bundle,org.eclipse.jst.pagedesigner.jsp.core,1.2.0.v20100308,"org.eclipse.jst.pagedesigner.jsp.core",1519594252358
stopped,bundle,org.eclipse.jst.jsf.core,1.3.5.v201110061050,"org.eclipse.jst.jsf.core",1519594252358
stopped,bundle,org.eclipse.jst.jsf.common,1.2.2.v201101211220,"org.eclipse.jst.jsf.common",1519594252358
stopped,bundle,org.eclipse.jst.ws.cxf.consumption.core,1.0.0.v201003222311,"org.eclipse.jst.ws.cxf.consumption.core",1519594252358
stopped,bundle,org.eclipse.jst.ws.cxf.ui,1.0.0.v201004171919,"org.eclipse.jst.ws.cxf.ui",1519594252358
stopped,bundle,org.eclipse.jst.ws.cxf.creation.core,1.0.1.v201103270854,"org.eclipse.jst.ws.cxf.creation.core",1519594252358
stopped,bundle,org.eclipse.jst.ws.cxf.core,1.0.0.v201003311345,"org.eclipse.jst.ws.cxf.core",1519594252358
stopped,bundle,org.eclipse.jst.ws.jaxws.ui,1.0.2.v201103270854,"org.eclipse.jst.ws.jaxws.ui",1519594252358
stopped,bundle,org.eclipse.jst.ws.jaxws.core,1.0.0.v201004171919,"org.eclipse.jst.ws.jaxws.core",1519594252359
stopped,bundle,org.eclipse.jst.ws.annotations.core,1.0.0.v201004262257,"org.eclipse.jst.ws.annotations.core",1519594252359
stopped,bundle,org.eclipse.jst.ws.axis2.ui,1.0.303.v201003110431,"org.eclipse.jst.ws.axis2.ui",1519594252359
stopped,bundle,org.eclipse.jst.ws.uddiregistry,1.0.500.v201004211805,"org.eclipse.jst.ws.uddiregistry",1519594252359
stopped,bundle,org.eclipse.jst.ws.ui,1.0.403.v201004211805,"org.eclipse.jst.ws.ui",1519594252359
stopped,bundle,org.eclipse.jst.common.ui,1.0.4.v201109151453,"org.eclipse.jst.common.ui",1519594252359
stopped,bundle,org.eclipse.wst.jsdt.web.support.jsp,1.0.304.v201110211728,"org.eclipse.wst.jsdt.web.support.jsp",1519594252359
stopped,bundle,org.eclipse.jst.jsp.ui,1.1.505.v201110211728,"org.eclipse.jst.jsp.ui",1519594252359
stopped,bundle,org.eclipse.jdt.ui,3.6.2.r362_v20110203,"org.eclipse.jdt.ui",1519594252383
stopped,bundle,org.eclipse.rse.importexport,1.2.101.v201008191400,"org.eclipse.rse.importexport",1519594252383
stopped,bundle,org.eclipse.rse.subsystems.shells.telnet,1.2.0.v200905272300,"org.eclipse.rse.subsystems.shells.telnet",1519594252384
stopped,bundle,org.eclipse.rse.useractions,1.1.100.v200905272300,"org.eclipse.rse.useractions",1519594252384
stopped,bundle,org.eclipse.rse.shells.ui,3.0.200.v201006041352,"org.eclipse.rse.shells.ui",1519594252384
stopped,bundle,org.eclipse.rse.files.ui,3.1.102.R32x_v201102011435,"org.eclipse.rse.files.ui",1519594252384
stopped,bundle,org.eclipse.rse.processes.ui,3.0.200.v201003010830,"org.eclipse.rse.processes.ui",1519594252384
stopped,bundle,org.eclipse.wst.dtd.ui,1.0.500.v201004290328,"org.eclipse.wst.dtd.ui",1519594252384
stopped,bundle,org.eclipse.wst.wsi.ui,1.0.501.v201004201506,"org.eclipse.wst.wsi.ui",1519594252384
stopped,bundle,org.eclipse.wst.wsdl.ui,1.2.306.v201106290347,"org.eclipse.wst.wsdl.ui",1519594252384
stopped,bundle,org.eclipse.wst.jsdt.web.ui,1.0.305.v201110211728,"org.eclipse.wst.jsdt.web.ui",1519594252384
stopped,bundle,org.eclipse.wst.web.ui,1.1.401.v201109151600,"org.eclipse.wst.web.ui",1519594252384
stopped,bundle,org.eclipse.wst.html.ui,1.0.505.v201106160200,"org.eclipse.wst.html.ui",1519594252384
stopped,bundle,org.eclipse.wst.css.ui,1.0.502.v201101122002,"org.eclipse.wst.css.ui",1519594252385
stopped,bundle,org.eclipse.wst.xsl.exslt.ui,1.0.0.v201006012005,"org.eclipse.wst.xsl.exslt.ui",1519594252385
stopped,bundle,org.eclipse.wst.xsl.ui,1.1.1.v201009091745,"org.eclipse.wst.xsl.ui",1519594252385
stopped,bundle,org.eclipse.wst.xml.xpath.ui,1.1.2.v201101212242,"org.eclipse.wst.xml.xpath.ui",1519594252385
stopped,bundle,org.eclipse.wst.xsl.debug.ui,1.0.101.v201102111830,"org.eclipse.wst.xsl.debug.ui",1519594252385
stopped,bundle,org.eclipse.wst.xsd.ui,1.2.305.v201104132127,"org.eclipse.wst.xsd.ui",1519594252385
stopped,bundle,org.eclipse.wst.xml.ui,1.1.105.v201106142156,"org.eclipse.wst.xml.ui",1519594252385
stopped,bundle,org.eclipse.wst.common.ui,1.1.500.v200911190730,"org.eclipse.wst.common.ui",1519594252385
stopped,bundle,org.eclipse.wst.jsdt.support.firefox,1.0.300.v201004150600,"org.eclipse.wst.jsdt.support.firefox",1519594252385
stopped,bundle,org.eclipse.wst.jsdt.debug.ui,1.0.6.v201109150205,"org.eclipse.wst.jsdt.debug.ui",1519594252385
stopped,bundle,org.eclipse.wst.jsdt.ui,1.1.7.v201109150205,"org.eclipse.wst.jsdt.ui",1519594252392
stopped,bundle,org.eclipse.wst.sse.ui,1.2.5.v201108191505,"org.eclipse.wst.sse.ui",1519594252392
stopped,bundle,org.eclipse.search,3.6.0.v20100520-0800,"org.eclipse.search",1519594252392
stopped,bundle,org.eclipse.datatools.enablement.sybase.asa.ui,1.0.1.v200906111150,"org.eclipse.datatools.enablement.sybase.asa.ui",1519594252393
stopped,bundle,org.eclipse.datatools.enablement.sybase.ase.ui,1.0.1.v200906020900,"org.eclipse.datatools.enablement.sybase.ase.ui",1519594252393
stopped,bundle,org.eclipse.datatools.sqltools.ddlgen.ui,1.0.1.v201002270530,"org.eclipse.datatools.sqltools.ddlgen.ui",1519594252393
stopped,bundle,org.eclipse.datatools.connectivity.ui.dse,1.1.4.v201004270430,"org.eclipse.datatools.connectivity.ui.dse",1519594252393
stopped,bundle,org.eclipse.mylyn.team.ui,3.4.3.v20110131-0100-e3x,"org.eclipse.mylyn.team.ui",1519594252393
stopped,bundle,org.eclipse.ui.navigator.resources,3.4.202.M20101124-0800,"org.eclipse.ui.navigator.resources",1519594252393
stopped,bundle,org.eclipse.ltk.ui.refactoring,3.5.0.v20100526-0800,"org.eclipse.ltk.ui.refactoring",1519594252394
stopped,bundle,org.eclipse.mylyn.bugzilla.ui,3.4.3.v20110131-0100-e3x,"org.eclipse.mylyn.bugzilla.ui",1519594252394
stopped,bundle,org.eclipse.mylyn.ide.ui,3.4.0.v20100608-0100-e3x,"org.eclipse.mylyn.ide.ui",1519594252394
stopped,bundle,org.eclipse.mylyn.resources.ui,3.4.1.v20100909-0100-e3x,"org.eclipse.mylyn.resources.ui",1519594252394
stopped,bundle,org.eclipse.mylyn.wikitext.tasks.ui,1.3.1.v20100823-0100-e3x,"org.eclipse.mylyn.wikitext.tasks.ui",1519594252394
stopped,bundle,org.eclipse.mylyn.context.ui,3.4.2.v20110131-0100-e3x,"org.eclipse.mylyn.context.ui",1519594252394
stopped,bundle,org.eclipse.mylyn.help.ui,3.4.2.v20110131-0100-e3x,"org.eclipse.mylyn.help.ui",1519594252394
stopped,bundle,org.eclipse.mylyn.tasks.bugs,3.4.1.v20100823-0100-e3x,"org.eclipse.mylyn.tasks.bugs",1519594252396
stopped,bundle,org.eclipse.mylyn.tasks.ui,3.4.3.v20110131-0100-e3x,"org.eclipse.mylyn.tasks.ui",1519594252396
stopped,bundle,org.eclipse.team.cvs.ui,3.3.302.R36x_v20110203-1036,"org.eclipse.team.cvs.ui",1519594252398
stopped,bundle,org.eclipse.team.ui,3.5.102.R36x_v20110203-1036,"org.eclipse.team.ui",1519594252398
stopped,bundle,org.eclipse.compare,3.5.101.R36x_v20100929-0800,"org.eclipse.compare",1519594252398
stopped,bundle,org.eclipse.datatools.enablement.ingres.ui,1.0.0.v201006242214,"org.eclipse.datatools.enablement.ingres.ui",1519594252398
stopped,bundle,org.eclipse.datatools.sqltools.db.derby.ui,1.0.0.v200906020900,"org.eclipse.datatools.sqltools.db.derby.ui",1519594252398
stopped,bundle,org.eclipse.datatools.sqltools.db.generic.ui,1.0.0.v200906020900,"org.eclipse.datatools.sqltools.db.generic.ui",1519594252398
stopped,bundle,org.eclipse.datatools.sqltools.routineeditor.ui,1.0.1.v201004060545,"org.eclipse.datatools.sqltools.routineeditor.ui",1519594252398
stopped,bundle,org.eclipse.datatools.sqltools.sqlbuilder,1.0.3.v201009131745,"org.eclipse.datatools.sqltools.sqlbuilder",1519594252398
stopped,bundle,org.eclipse.datatools.sqltools.debugger.core,1.0.1.v201005250945,"org.eclipse.datatools.sqltools.debugger.core",1519594252399
stopped,bundle,org.eclipse.datatools.sqltools.schemaobjecteditor.ui.pages,1.1.0.200810071,"org.eclipse.datatools.sqltools.schemaobjecteditor.ui.pages",1519594252399
stopped,bundle,org.eclipse.datatools.sqltools.schemaobjecteditor.ui,1.1.1.200810071,"org.eclipse.datatools.sqltools.schemaobjecteditor.ui",1519594252399
stopped,bundle,org.eclipse.datatools.sqltools.sqlscrapbook,1.0.1.v201005250945,"org.eclipse.datatools.sqltools.sqlscrapbook",1519594252399
stopped,bundle,org.eclipse.datatools.sqltools.sqleditor,1.0.2.v201009230800,"org.eclipse.datatools.sqltools.sqleditor",1519594252399
stopped,bundle,org.eclipse.datatools.sqltools.editor.core.ui,1.0.0.v201001150815,"org.eclipse.datatools.sqltools.editor.core.ui",1519594252399
stopped,bundle,org.eclipse.datatools.sqltools.plan,1.0.0.v200906022302,"org.eclipse.datatools.sqltools.plan",1519594252399
stopped,bundle,org.eclipse.datatools.sqltools.data.ui,1.2.0.v201005250945,"org.eclipse.datatools.sqltools.data.ui",1519594252399
stopped,bundle,org.eclipse.datatools.sqltools.tabledataeditor,1.0.1.v201005250945,"org.eclipse.datatools.sqltools.tabledataeditor",1519594252400
stopped,bundle,org.eclipse.datatools.sqltools.result.ui,1.1.1.v201101140400,"org.eclipse.datatools.sqltools.result.ui",1519594252400
stopped,bundle,org.eclipse.datatools.sqltools.common.ui,1.0.0.v200906022302,"org.eclipse.datatools.sqltools.common.ui",1519594252400
stopped,bundle,org.eclipse.ui.externaltools,3.2.0.v20100427,"org.eclipse.ui.externaltools",1519594252400
stopped,bundle,org.eclipse.wst.server.preview.adapter,1.1.0.v20090311b,"org.eclipse.wst.server.preview.adapter",1519594252400
stopped,bundle,org.eclipse.wst.server.http.ui,1.0.200.v20090113,"org.eclipse.wst.server.http.ui",1519594252400
stopped,bundle,org.eclipse.wst.server.ui,1.1.209.v20111005_1716,"org.eclipse.wst.server.ui",1519594252402
stopped,bundle,org.eclipse.debug.ui,3.6.3.v20101201_r362,"org.eclipse.debug.ui",1519594252403
stopped,bundle,org.eclipse.mylyn.wikitext.ui,1.3.0.v20100608-0100-e3x,"org.eclipse.mylyn.wikitext.ui",1519594252403
stopped,bundle,org.eclipse.rse.subsystems.files.dstore,2.1.102.R32x_v201102011435,"org.eclipse.rse.subsystems.files.dstore",1519594252403
stopped,bundle,org.eclipse.rse.subsystems.processes.dstore,2.1.100.v200905272300,"org.eclipse.rse.subsystems.processes.dstore",1519594252403
stopped,bundle,org.eclipse.rse.subsystems.shells.dstore,2.1.201.v201008191400,"org.eclipse.rse.subsystems.shells.dstore",1519594252403
stopped,bundle,org.eclipse.rse.connectorservice.dstore,3.1.100.v201005281600,"org.eclipse.rse.connectorservice.dstore",1519594252403
